step,return,dt_ratio,trajectory,std_return,cont_cunt
50,164.67020633820096,"[0, 2, 0, 0, 1, 0, 2, 0, 4, 0, 0, 1, 1, 0, 0, 0, 3, 4, 2, 2, 2, 3, 9, 12, 8, 22, 31, 50, 124, 88]",0,30.36613561179522,37.1
100,147.6727467274694,"[7, 13, 10, 2, 9, 7, 8, 6, 10, 3, 8, 14, 3, 7, 5, 10, 10, 7, 19, 14, 6, 7, 19, 16, 13, 22, 36, 49, 66, 65]",0,77.51059791218023,47.10000000000001
